Seed,Prediction_rate
24,"[0.6666666666666671, 0.6666666666666671]"
24,"[0.6500000000000004, 0.6500000000000004]"
24,"[0.6500000000000004, 0.6500000000000004]"
25,"[0.5333333333333333, 0.5333333333333333]"
25,"[0.5666666666666668, 0.5666666666666668]"
25,"[0.55, 0.55]"
26,"[0.6166666666666669, 0.6166666666666669]"
27,"[0.55, 0.55]"
28,"[0.5166666666666666, 0.5166666666666666]"
