Seed,Prediction_rate
24,"[0.7833333333333341, 0.7833333333333341]"
24,"[0.7000000000000005, 0.7000000000000005]"
24,"[0.7500000000000007, 0.7500000000000007]"
25,"[0.5333333333333333, 0.5333333333333333]"
25,"[0.6333333333333336, 0.6333333333333336]"
25,"[0.6166666666666669, 0.6166666666666669]"
26,"[0.6666666666666671, 0.6666666666666671]"
